Matricule,Nom-Prenom,Entite,Categorie,Marque,Modele,Code,Serial Number,Validation,Remarque,Date De Passage
0001,Utilisateur-1,Siege,Micro-ordinateur,Acer,Vertion M4610G,Acer,UC110398,NO,,9/19/2025
0002,Utilisateur-2,Siege,Micro-ordinateur,HP,Vertion M5610G,Acer,UC120398,OK,,9/18/2025
0003,Utilisateur-3,Siege,Micro-ordinateur,Acer,Vertion M4610G,HP,UC110398,NO,,9/19/2025
0004,Utilisateur-4,Siege,Micro-ordinateur,Acer,Vertion M4610G,Acer,UC110298,OK,,9/20/2025
0005,Utilisateur-5,Siege,Micro-ordinateur,Acer,Vertion M4610G,Acer,UC110398,OK,,
0006,Utilisateur-6,Siege,Micro-ordinateur,Acer,Vertion M4610G,HP,UC110398,OK,,9/19/2025
0007,Utilisateur-7,Siege,Micro-ordinateur,Acer,Vertion M4610G,Acer,UC110398,OK,,9/19/2025
0008,Utilisateur-8,Siege,Serveur,Acer,Vertion M4610G,HP,UC110398,OK,,9/19/2025
0009,Utilisateur-9,Siege,Serveur,Acer,Vertion M4610G,Acer,UC110398,OK,,9/19/2025
0010,Utilisateur-10,Siege,Serveur,Acer,Vertion M4610G,HP,UC110398,OK,,
0011,Utilisateur-11,Siege,Micro-ordinateur,Acer,Vertion M4610G,Acer,UC110398,OK,,9/19/2025
0012,Utilisateur-12,Siege,Micro-ordinateur,Acer,Vertion M4610G,HP,UC110398,OK,,9/19/2025
0013,Utilisateur-13,Siege,Micro-ordinateur,Acer,Vertion M4610G,Acer,UC110398,OK,,9/19/2025
0014,Utilisateur-14,Siege,Serveur,Acer,Vertion M4610G,HP,UC110398,A_verifier,,9/19/2025
0015,Utilisateur-15,Siege,Serveur,Acer,Vertion M4610G,Acer,UC110398,OK,,9/19/2025
0016,Utilisateur-16,Siege,Serveur,Acer,Vertion M4610G,HP,UC110398,OK,,
0017,Utilisateur-17,Siege,Serveur,Acer,Vertion M4610G,Acer,UC110398,OK,,9/19/2025
0018,Utilisateur-18,Siege,Serveur,Acer,Vertion M4610G,Acer,UC110398,A_verifier,,9/19/2025
0019,Utilisateur-19,Siege,Serveur,Acer,Vertion M4610G,HP,UC110398,A_verifier,,9/19/2025
0020,Utilisateur-20,Siege,Serveur,Acer,Vertion M4610G,Lenovo,UC110398,A_verifier,,9/19/2025
0021,Utilisateur-21,Siege,Serveur,Acer,Vertion M4610G,Lenovo,UC110398,OK,,9/19/2025
0022,Utilisateur-22,Siege,Serveur,Acer,Vertion M4610G,Lenovo,UC110398,OK,,9/19/2025
0023,Utilisateur-23,Siege,Laptop,Acer,Vertion M4610G,Acer,UC110398,A_verifier,,9/19/2025
0024,Utilisateur-24,Siege,Laptop,Acer,Vertion M4610G,Acer,UC110398,OK,,
0025,Utilisateur-25,Siege,Laptop,Acer,Vertion M4610G,HP,UC110398,OK,,9/19/2025
0026,Utilisateur-26,Siege,Laptop,Acer,Vertion M4610G,Acer,UC110398,A_verifier,,9/19/2025
0027,Utilisateur-27,Siege,Laptop,Acer,Vertion M4610G,Acer,UC110398,OK,,9/19/2025
0028,Utilisateur-28,Siege,Laptop,Acer,Vertion M4610G,Lenovo,UC110398,NO,,9/19/2025
0029,Utilisateur-29,Siege,Laptop,Acer,Vertion M4610G,Lenovo,UC110398,NO,,9/19/2025
0030,Utilisateur-30,Siege,Micro-ordinateur,Acer,Vertion M4610G,Acer,UC110398,A_verifier,,9/19/2025
0031,Utilisateur-31,Siege,Micro-ordinateur,Acer,Vertion M4610G,Lenovo,UC110398,NO,,9/19/2025
0032,Utilisateur-32,Siege,Micro-ordinateur,Acer,Vertion M4610G,Acer,UC110398,OK,,9/19/2025
0033,Utilisateur-33,Siege,Micro-ordinateur,Acer,Vertion M4610G,Acer,UC110398,OK,,
0034,Utilisateur-34,Siege,Micro-ordinateur,Acer,Vertion M4610G,Lenovo,UC110398,OK,,9/19/2025
0035,Utilisateur-35,Siege,Micro-ordinateur,Acer,Vertion M4610G,Acer,UC110398,OK,,9/19/2025
0036,Utilisateur-36,Siege,Imprimante,Acer,Vertion M4610G,Lenovo,UC110398,OK,,9/19/2025
0037,Utilisateur-37,Siege,Imprimante,Acer,Vertion M4610G,Lenovo,UC110398,OK,,9/19/2025
0038,Utilisateur-38,Siege,Micro-ordinateur,Acer,Vertion M4610G,Lenovo,UC110398,OK,,9/19/2025
0039,Utilisateur-39,Siege,Micro-ordinateur,Acer,Vertion M4610G,Acer,UC110398,OK,,
0040,Utilisateur-40,Siege,Micro-ordinateur,Acer,Vertion M4610G,Lenovo,UC110398,OK,,9/19/2025
0041,Utilisateur-41,Siege,Micro-ordinateur,Acer,Vertion M4610G,Lenovo,UC110398,OK,,9/19/2025
0042,Utilisateur-42,Siege,Micro-ordinateur,Acer,Vertion M4610G,Lenovo,UC110398,OK,,
0043,Utilisateur-43,Siege,Imprimante,Acer,Vertion M4610G,Acer,UC110398,OK,,9/17/2025
0044,Utilisateur-44,Siege,Micro-ordinateur,Acer,Vertion M4610G,Lenovo,UC110398,OK,,9/17/2025
0045,Utilisateur-45,Siege,Micro-ordinateur,Acer,Vertion M4610G,Lenovo,UC110398,OK,,9/17/2025
0046,Utilisateur-46,Siege,Micro-ordinateur,Acer,Vertion M4610G,Acer,UC110398,OK,,9/19/2025
0047,Utilisateur-47,Siege,Laptop,Acer,Vertion M4610G,Lenovo,UC110398,OK,,9/19/2025
0048,Utilisateur-48,Siege,Laptop,Acer,Vertion M4610G,Lenovo,UC110398,OK,,9/19/2025
0049,Utilisateur-49,Siege,Laptop,Acer,Vertion M4610G,Acer,UC110398,OK,,9/19/2025
0050,Utilisateur-50,Siege,Laptop,Acer,Vertion M4610G,Acer,UC110398,OK,,9/19/2025
0051,Utilisateur-51,Siege,Laptop,Acer,Vertion M4610G,Lenovo,UC110398,OK,,9/17/2025
0052,Utilisateur-52,Siege,Laptop,Acer,Vertion M4610G,Acer,UC110398,OK,,9/19/2025
0053,Utilisateur-53,Siege,Laptop,Acer,Vertion M4610G,Lenovo,UC110398,OK,,9/19/2025
0054,Utilisateur-54,Siege,Laptop,Acer,Vertion M4610G,Lenovo,UC110398,OK,,9/19/2025
0055,Utilisateur-55,Siege,Laptop,Acer,Vertion M4610G,Acer,UC110398,OK,,9/19/2025
0056,Utilisateur-56,Siege,Laptop,Acer,Vertion M4610G,Acer,UC110398,OK,,9/19/2025
0057,Utilisateur-57,Siege,Imprimante,Acer,Vertion M4610G,Lenovo,UC110398,OK,,9/19/2025
0058,Utilisateur-58,Siege,Imprimante,Acer,Vertion M4610G,Lenovo,UC110398,OK,,9/19/2025
0059,Utilisateur-59,Siege,Imprimante,Acer,Vertion M4610G,Acer,UC110398,OK,,9/19/2025
0060,Utilisateur-60,Siege,Imprimante,Acer,Vertion M4610G,Acer,UC110398,OK,,9/19/2025
0061,Utilisateur-61,Siege,Imprimante,Acer,Vertion M4610G,Lenovo,UC110398,OK,,9/19/2025
0062,Utilisateur-62,Siege,Imprimante,Acer,Vertion M4610G,Acer,UC110398,OK,,9/19/2025
0063,Utilisateur-63,Siege,Imprimante,Acer,Vertion M4610G,Lenovo,UC110398,OK,,9/19/2025
0064,Utilisateur-64,Siege,Imprimante,Acer,Vertion M4610G,Acer,UC110398,OK,,9/19/2025
0065,Utilisateur-65,Siege,Imprimante,Acer,Vertion M4610G,Acer,UC110398,OK,,9/19/2025
0066,Utilisateur-66,Siege,Imprimante,Acer,Vertion M4610G,Acer,UC110398,OK,,9/19/2025
0067,Utilisateur-67,Siege,Imprimante,Acer,Vertion M4610G,Acer,UC110398,OK,,9/19/2025
0068,Utilisateur-68,Siege,Imprimante,Acer,Vertion M4610G,Acer,UC110398,OK,,9/19/2025
0069,Utilisateur-69,Siege,Imprimante,Acer,Vertion M4610G,Acer,UC110398,OK,,9/19/2025
0070,Utilisateur-70,Siege,Imprimante,Acer,Vertion M4610G,Acer,UC110398,OK,,9/19/2025
0071,Utilisateur-71,Siege,Imprimante,Acer,Vertion M4610G,Acer,UC110398,OK,,9/19/2025
0072,Utilisateur-72,Siege,Imprimante,Acer,Vertion M4610G,Acer,UC110398,OK,,9/19/2025
0073,Utilisateur-73,Siege,Imprimante,Acer,Vertion M4610G,Acer,UC110398,OK,,9/19/2025
0074,Utilisateur-74,Siege,Imprimante,Acer,Vertion M4610G,Acer,UC110398,OK,,9/19/2025
0075,Utilisateur-75,Siege,Micro-ordinateur,Acer,Vertion M4610G,Acer,UC110398,OK,,9/19/2025
0076,Utilisateur-76,Siege,Micro-ordinateur,Acer,Vertion M4610G,Acer,UC110398,OK,,9/19/2025
0077,Utilisateur-77,Siege,Imprimante,Acer,Vertion M4610G,Acer,UC110398,OK,,9/19/2025
0078,Utilisateur-78,Siege,Micro-ordinateur,Acer,Vertion M4610G,Acer,UC110398,OK,,9/19/2025
0079,Utilisateur-79,Siege,Micro-ordinateur,Acer,Vertion M4610G,Acer,UC110398,OK,,9/19/2025
0080,Utilisateur-80,Siege,Laptop,Acer,Vertion M4610G,Acer,UC110398,OK,,9/19/2025
0081,Utilisateur-81,Siege,Laptop,Acer,Vertion M4610G,Acer,UC110398,OK,,9/19/2025
0082,Utilisateur-82,Siege,Laptop,Acer,Vertion M4610G,Acer,UC110398,OK,,9/19/2025
0083,Utilisateur-83,Siege,Laptop,Acer,Vertion M4610G,Acer,UC110398,OK,,9/19/2025
0084,Utilisateur-84,Siege,Micro-ordinateur,Acer,Vertion M4610G,Lenovo,UC110398,OK,,9/19/2025
0085,Utilisateur-85,Siege,Micro-ordinateur,Acer,Vertion M4610G,Acer,UC110398,OK,,9/19/2025
0086,Utilisateur-86,Siege,Micro-ordinateur,Acer,Vertion M4610G,Lenovo,UC110398,OK,,9/19/2025
0087,Utilisateur-87,Siege,Serveur,Acer,Vertion M4610G,Lenovo,UC110398,OK,,9/19/2025
0088,Utilisateur-88,Siege,Serveur,Acer,Vertion M4610G,Lenovo,UC110398,OK,,9/19/2025
0089,Utilisateur-89,Siege,Serveur,Acer,Vertion M4610G,Acer,UC110398,OK,,9/19/2025
0090,Utilisateur-90,Siege,Serveur,Acer,Vertion M4610G,Lenovo,UC110398,OK,,9/19/2025
0091,Utilisateur-91,Siege,Micro-ordinateur,Acer,Vertion M4610G,Acer,UC110398,OK,,9/19/2025
0092,Utilisateur-92,Siege,Serveur,Acer,Vertion M4610G,HP,UC110398,OK,,9/19/2025
0093,Utilisateur-93,Siege,Serveur,Acer,Vertion M4610G,HP,UC110398,OK,,9/19/2025
0094,Utilisateur-94,Siege,Serveur,Acer,Vertion M4610G,HP,UC110398,OK,,9/19/2025
0095,Utilisateur-95,Siege,Serveur,Acer,Vertion M4610G,HP,UC110398,OK,,9/19/2025
0096,Utilisateur-96,Siege,Micro-ordinateur,Acer,Vertion M4610G,Acer,UC110398,OK,,9/19/2025
0097,Utilisateur-97,Siege,Micro-ordinateur,Acer,Vertion M4610G,HP,UC110398,A_verifier,,9/19/2025
0098,Utilisateur-98,Siege,Micro-ordinateur,Acer,Vertion M4610G,HP,UC110398,OK,,9/19/2025
0099,Utilisateur-99,Siege,Serveur,Acer,Vertion M4610G,HP,UC110398,A_verifier,,9/19/2025
0100,Utilisateur-100,Siege,Serveur,Acer,Vertion M4610G,Lenovo,UC110398,OK,,9/19/2025
0101,Utilisateur-101,Siege,Serveur,Acer,Vertion M4610G,HP,UC110398,A_verifier,,9/19/2025
0102,Utilisateur-102,Siege,Serveur,Acer,Vertion M4610G,Acer,UC110398,OK,,9/19/2025
0103,Utilisateur-103,Siege,Serveur,Acer,Vertion M4610G,HP,UC110398,NO,,9/17/2025
0104,Utilisateur-104,Siege,Serveur,Acer,Vertion M4610G,Acer,UC110398,OK,,9/17/2025
0105,Utilisateur-105,Siege,Serveur,Acer,Vertion M4610G,Acer,UC110398,OK,,9/17/2025
0106,Utilisateur-106,Siege,Serveur,Acer,Vertion M4610G,Lenovo,UC110398,A_verifier,,9/17/2025
0107,Utilisateur-107,Siege,Serveur,Acer,Vertion M4610G,Lenovo,UC110398,NO,,9/17/2025
0108,Utilisateur-108,Siege,Micro-ordinateur,Acer,Vertion M4610G,Acer,UC110398,OK,,9/17/2025
